ID Group,Group,ID Subgroup,Subgroup,ID Occupation,Occupation,ID Year,Year,ID State,State,Workforce by Occupation and Gender,Workforce by Occupation and Gender Moe,ACS Occupation yg RCA,Geography,ID Geography,Slug Geography,Median Earnings,Median Earnings Moe,Workforce Prev,Workforce Growth,Median Earnings Prev,Median Earnings Growth,Share
0,"Management, Business, Science, & Arts Occupations",0,"Management, Business, & Financial Occupations",0,"Management Occupations",2022,"2022","04000US36","New York",444449,6491.482188221731,0.9816213855821084,"New York, NY","16000US3651000","new-york-ny",198281,3276,441907,0.5752341556028757,184766,7.31465745862334,10.817313191918966
0,"Management, Business, Science, & Arts Occupations",0,"Management, Business, & Financial Occupations",1,"Business & Financial Operations Occupations",2022,"2022","04000US36","New York",277052,4600.3695503731005,1.1701435983653472,"New York, NY","16000US3651000","new-york-ny",187345,3003,273397,1.3368837258638537,172247,8.765319570152165,6.743086955865653
0,"Management, Business, Science, & Arts Occupations",1,"Computer, Engineering, & Science Occupations",2,"Computer & Mathematical Occupations",2022,"2022","04000US36","New York",148350,3573.43224365595,1.0244152165897549,"New York, NY","16000US3651000","new-york-ny",204697,5195,139883,6.052915650936854,188025,8.866905996543013,3.6106469179167435
0,"Management, Business, Science, & Arts Occupations",1,"Computer, Engineering, & Science Occupations",3,"Architecture & Engineering Occupations",2022,"2022","04000US36","New York",47579,2000.9247861926244,0.5388077833541683,"New York, NY","16000US3651000","new-york-ny",178279,4693,46906,1.4347844625421056,162914,9.431356421179272,1.1580112551908373
0,"Management, Business, Science, & Arts Occupations",1,"Computer, Engineering, & Science Occupations",4,"Life, Physical, & Social Science Occupations",2022,"2022","04000US36","New York",45031,2247.0002225189032,1.0046600790435165,"New York, NY","16000US3651000","new-york-ny",159437,9181,42986,4.757362862327269,148076,7.672411464383154,1.09599623431553
0,"Management, Business, Science, & Arts Occupations",2,"Education, Legal, Community Service, Arts, & Media Occupations",5,"Community & Social Service Occupations",2022,"2022","04000US36","New York",86822,3178.4565436702137,1.1831262369800493,"New York, NY","16000US3651000","new-york-ny",112594,3339,88380,-1.7628422720072416,104656,7.584849411404984,2.1131350637503705
0,"Management, Business, Science, & Arts Occupations",2,"Education, Legal, Community Service, Arts, & Media Occupations",6,"Legal Occupations",2022,"2022","04000US36","New York",89515,2958.1433366218075,1.8403895504103358,"New York, NY","16000US3651000","new-york-ny",285817,13676,88438,1.2178023021777968,264664,7.992397908291267,2.178679196881141
0,"Management, Business, Science, & Arts Occupations",2,"Education, Legal, Community Service, Arts, & Media Occupations",7,"Education Instruction, & Library Occupations",2022,"2022","04000US36","New York",276216,4614.797503683125,1.087218741373529,"New York, NY","16000US3651000","new-york-ny",114870,4255,276189,0.009775914319542053,106236,8.127188523664294,6.722739798310018
0,"Management, Business, Science, & Arts Occupations",2,"Education, Legal, Community Service, Arts, & Media Occupations",8,"Arts, Design, Entertainment, Sports, & Media Occupations",2022,"2022","04000US36","New York",198463,4126.908043559973,2.343783434786786,"New York, NY","16000US3651000","new-york-ny",139512,2899,202824,-2.150140022876977,129043,8.112799609432516,4.830332452109946
0,"Management, Business, Science, & Arts Occupations",3,"Healthcare Practitioners & Technical Occupations",9,"Health Diagnosing & Treating Practitioners & Other Technical Occupations",2022,"2022","04000US36","New York",164727,4134.504807108102,0.9354374286722249,"New York, NY","16000US3651000","new-york-ny",205049,4725,167029,-1.3782037849714721,189889,7.983611478284682,4.009241893142375
0,"Management, Business, Science, & Arts Occupations",3,"Healthcare Practitioners & Technical Occupations",10,"Health Technologists & Technicians",2022,"2022","04000US36","New York",63286,2283.126146317807,0.7863072114833817,"New York, NY","16000US3651000","new-york-ny",116960,6951,64246,-1.494256451763534,105258,11.117444754792984,1.5402992979257095
1,"Service Occupations",4,"Service Occupations",11,"Healthcare Support Occupations",2022,"2022","04000US36","New York",267326,4360.348265907209,1.983769678396914,"New York, NY","16000US3651000","new-york-ny",60412,1681,263130,1.5946490327974767,56069,7.745813194456829,6.506368708992325
1,"Service Occupations",4,"Service Occupations",14,"Food Preparation & Serving Related Occupations",2022,"2022","04000US36","New York",207404,4023.310328572729,0.9549563228871246,"New York, NY","16000US3651000","new-york-ny",54044,943,213091,-2.6688128546020247,49029,10.22864019253911,5.047944815393355
1,"Service Occupations",4,"Service Occupations",15,"Building & Grounds Cleaning & Maintenance Occupations",2022,"2022","04000US36","New York",163690,3662.210261577017,1.1439641981606286,"New York, NY","16000US3651000","new-york-ny",62012,2142,171015,-4.2832500073093005,58189,6.569970269294884,3.9840026558395123
1,"Service Occupations",4,"Service Occupations",16,"Personal Care & Service Occupations",2022,"2022","04000US36","New York",141152,3949.7772089068517,1.34068614891584,"New York, NY","16000US3651000","new-york-ny",58630,2651,150347,-6.115851995716576,53388,9.818685847006819,3.4354569178145207
1,"Service Occupations",5,"Protective Service Occupations",12,"Fire Fighting & Prevention, & Other Protective Service Workers Including Supervisors",2022,"2022","04000US36","New York",77754,2826.084393644323,1.595927254352993,"New York, NY","16000US3651000","new-york-ny",74796,2734,77586,0.21653391075709535,69333,7.879364804638484,1.8924316849052811
1,"Service Occupations",5,"Protective Service Occupations",13,"Law Enforcement Workers Including Supervisors",2022,"2022","04000US36","New York",39511,1764.0286278856136,0.9989739480209249,"New York, NY","16000US3651000","new-york-ny",148336,6098,42063,-6.067089841428333,141450,4.868151290208554,0.9616465815558372
2,"Sales & Office Occupations",6,"Sales & Office Occupations",17,"Sales & Related Occupations",2022,"2022","04000US36","New York",344581,5946.282872517923,0.8740611606449532,"New York, NY","16000US3651000","new-york-ny",80238,2659,359766,-4.220799074954275,72268,11.02839431006808,8.386655379997771
2,"Sales & Office Occupations",6,"Sales & Office Occupations",18,"Office & Administrative Support Occupations",2022,"2022","04000US36","New York",423056,5569.045250309967,0.9484368349529546,"New York, NY","16000US3651000","new-york-ny",91877,1143,442242,-4.338348686918022,84457,8.78553583480351,10.296635271359527
3,"Natural Resources, Construction, & Maintenance Occupations",7,"Natural Resources, Construction, & Maintenance Occupations",19,"Farming, Fishing, & Forestry Occupations",2022,"2022","04000US36","New York",2671,556.0593493504089,0.10735431442526985,"New York, NY","16000US3651000","new-york-ny",64702,10134,2991,-10.698762955533267,56891,13.729763934541491,0.06500868161614844
3,"Natural Resources, Construction, & Maintenance Occupations",7,"Natural Resources, Construction, & Maintenance Occupations",20,"Construction & Extraction Occupations",2022,"2022","04000US36","New York",166964,3704.906611508582,0.8137093999598936,"New York, NY","16000US3651000","new-york-ny",92105,5082,172026,-2.942578447443991,87217,5.604411983902221,4.063687576697345
3,"Natural Resources, Construction, & Maintenance Occupations",7,"Natural Resources, Construction, & Maintenance Occupations",21,"Installation, Maintenance, & Repair Occupations",2022,"2022","04000US36","New York",66311,2750.8126072126397,0.5261225811715025,"New York, NY","16000US3651000","new-york-ny",103703,4726,67701,-2.0531454483685616,97022,6.8860670775700346,1.6139238811862295
4,"Production, Transportation, & Material Moving Occupations",8,"Production, Transportation, & Material Moving Occupations",22,"Production Occupations",2022,"2022","04000US36","New York",90368,2766.828147897878,0.4022000810011274,"New York, NY","16000US3651000","new-york-ny",69519,2744,91525,-1.2641354821087134,64944,7.044530672579453,2.1994401124253473
4,"Production, Transportation, & Material Moving Occupations",8,"Production, Transportation, & Material Moving Occupations",23,"Transportation Occupations",2022,"2022","04000US36","New York",190476,4166.239671454344,1.2145464829449972,"New York, NY","16000US3651000","new-york-ny",76723,4099,192512,-1.057596409574468,70829,8.321450253427269,4.635939213596964
0,"Management, Business, Science, & Arts Occupations",0,"Management, Business, & Financial Occupations",0,"Management Occupations",2021,"2021","04000US36","New York",441907,5976.0221719802885,0.9842880493160563,"New York, NY","16000US3651000","new-york-ny",184766,3289,423978,4.2287571524937615,176031,4.962194158983361,10.611609478785882
0,"Management, Business, Science, & Arts Occupations",0,"Management, Business, & Financial Occupations",1,"Business & Financial Operations Occupations",2021,"2021","04000US36","New York",273397,5261.259354945353,1.1616866129576127,"New York, NY","16000US3651000","new-york-ny",172247,3452,259937,5.178177789233545,164187,4.909036647237601,6.565141979356796
0,"Management, Business, Science, & Arts Occupations",1,"Computer, Engineering, & Science Occupations",2,"Computer & Mathematical Occupations",2021,"2021","04000US36","New York",139883,3349.0226932644096,0.9908331158473925,"New York, NY","16000US3651000","new-york-ny",188025,4536,130991,6.788252628043148,176746,6.381473979609156,3.3590410849364356
0,"Management, Business, Science, & Arts Occupations",1,"Computer, Engineering, & Science Occupations",3,"Architecture & Engineering Occupations",2021,"2021","04000US36","New York",46906,2021.1870274667804,0.5460500101200453,"New York, NY","16000US3651000","new-york-ny",162914,5465,43226,8.513394716143061,157727,3.2885935825825636,1.1263640408772222
0,"Management, Business, Science, & Arts Occupations",1,"Computer, Engineering, & Science Occupations",4,"Life, Physical, & Social Science Occupations",2021,"2021","04000US36","New York",42986,2379.917645633983,0.9896818972587875,"New York, NY","16000US3651000","new-york-ny",148076,9180,38480,11.70997920997921,139187,6.386372290515638,1.032232223194224
0,"Management, Business, Science, & Arts Occupations",2,"Education, Legal, Community Service, Arts, & Media Occupations",5,"Community & Social Service Occupations",2021,"2021","04000US36","New York",88380,2806.8681835811244,1.1879860456789972,"New York, NY","16000US3651000","new-york-ny",104656,2882,85613,3.2319857965495893,98416,6.340432450008129,2.122288277250861
0,"Management, Business, Science, & Arts Occupations",2,"Education, Legal, Community Service, Arts, & Media Occupations",6,"Legal Occupations",2021,"2021","04000US36","New York",88438,2954.7631038714426,1.8165318989069568,"New York, NY","16000US3651000","new-york-ny",264664,14066,84682,4.435417207907229,254029,4.186529884383279,2.1236810439410685
0,"Management, Business, Science, & Arts Occupations",2,"Education, Legal, Community Service, Arts, & Media Occupations",7,"Education Instruction, & Library Occupations",2021,"2021","04000US36","New York",276189,4817.701630445788,1.0755792631630179,"New York, NY","16000US3651000","new-york-ny",106236,3771,262897,5.055972491127704,100493,5.714825908272218,6.632186886237136
0,"Management, Business, Science, & Arts Occupations",2,"Education, Legal, Community Service, Arts, & Media Occupations",8,"Arts, Design, Entertainment, Sports, & Media Occupations",2021,"2021","04000US36","New York",202824,4144.225138671884,2.3809228313695763,"New York, NY","16000US3651000","new-york-ny",129043,2758,198118,2.375352062912002,121686,6.04588859852407,4.8704570892184735
0,"Management, Business, Science, & Arts Occupations",3,"Healthcare Practitioners & Technical Occupations",9,"Health Diagnosing & Treating Practitioners & Other Technical Occupations",2021,"2021","04000US36","New York",167029,3681.2580729962415,0.946297292887447,"New York, NY","16000US3651000","new-york-ny",189889,3588,159882,4.470171751666855,179476,5.801889946288083,4.010903922391198
0,"Management, Business, Science, & Arts Occupations",3,"Healthcare Practitioners & Technical Occupations",10,"Health Technologists & Technicians",2021,"2021","04000US36","New York",64246,2321.995908695793,0.7866436009579822,"New York, NY","16000US3651000","new-york-ny",105258,4564,60490,6.209290791866424,99944,5.316977507404146,1.5427532548117087
1,"Service Occupations",4,"Service Occupations",11,"Healthcare Support Occupations",2021,"2021","04000US36","New York",263130,4538.059166648227,1.9272062395416312,"New York, NY","16000US3651000","new-york-ny",56069,1370,244098,7.796868470860065,54817,2.283963004177536,6.318598261971251
1,"Service Occupations",4,"Service Occupations",14,"Food Preparation & Serving Related Occupations",2021,"2021","04000US36","New York",213091,4369.48738412185,0.9513070015983591,"New York, NY","16000US3651000","new-york-ny",49029,767,216884,-1.7488611423618154,47040,4.228316326530612,5.11700080660402
1,"Service Occupations",4,"Service Occupations",15,"Building & Grounds Cleaning & Maintenance Occupations",2021,"2021","04000US36","New York",171015,4150.222283203636,1.143103573259664,"New York, NY","16000US3651000","new-york-ny",58189,1820,167270,2.2388951993782507,55646,4.569960104949143,4.106620612514777
1,"Service Occupations",4,"Service Occupations",16,"Personal Care & Service Occupations",2021,"2021","04000US36","New York",150347,3736.737213131263,1.3710254163017352,"New York, NY","16000US3651000","new-york-ny",53388,1868,154362,-2.601028750599241,51270,4.131070801638384,3.6103154064249283
1,"Service Occupations",5,"Protective Service Occupations",12,"Fire Fighting & Prevention, & Other Protective Service Workers Including Supervisors",2021,"2021","04000US36","New York",77586,2603.4346544516916,1.5824232651625165,"New York, NY","16000US3651000","new-york-ny",69333,2569,74222,4.532348899248202,65792,5.382113326848249,1.8630895935594627
1,"Service Occupations",5,"Protective Service Occupations",13,"Law Enforcement Workers Including Supervisors",2021,"2021","04000US36","New York",42063,1757.3801523859315,1.0404012463524064,"New York, NY","16000US3651000","new-york-ny",141450,7038,40271,4.449852250999479,137922,2.55796754687432,1.0100680222448855
2,"Sales & Office Occupations",6,"Sales & Office Occupations",17,"Sales & Related Occupations",2021,"2021","04000US36","New York",359766,5551.054404345178,0.8842732452276907,"New York, NY","16000US3651000","new-york-ny",72268,2638,363147,-0.9310279308379252,69676,3.720075779321431,8.639139673607527
2,"Sales & Office Occupations",6,"Sales & Office Occupations",18,"Office & Administrative Support Occupations",2021,"2021","04000US36","New York",442242,5673.400126908025,0.9572798931214463,"New York, NY","16000US3651000","new-york-ny",84457,1348,433632,1.9855545716183305,80884,4.417437317640077,10.619653907082771
3,"Natural Resources, Construction, & Maintenance Occupations",7,"Natural Resources, Construction, & Maintenance Occupations",19,"Farming, Fishing, & Forestry Occupations",2021,"2021","04000US36","New York",2991,557.1445054920672,0.11600455189471574,"New York, NY","16000US3651000","new-york-ny",56891,10976,2524,18.502377179080824,53156,7.0264880728422,0.07182353742087945
3,"Natural Resources, Construction, & Maintenance Occupations",7,"Natural Resources, Construction, & Maintenance Occupations",20,"Construction & Extraction Occupations",2021,"2021","04000US36","New York",172026,4260.586109914925,0.8223995466674375,"New York, NY","16000US3651000","new-york-ny",87217,4231,166338,3.419543339465426,86157,1.2303121046461691,4.130897976718224
3,"Natural Resources, Construction, & Maintenance Occupations",7,"Natural Resources, Construction, & Maintenance Occupations",21,"Installation, Maintenance, & Repair Occupations",2021,"2021","04000US36","New York",67701,2548.7322338762856,0.5299100334799719,"New York, NY","16000US3651000","new-york-ny",97022,7401,68580,-1.2817147856517936,96159,0.8974718955064008,1.6257189257542493
4,"Production, Transportation, & Material Moving Occupations",8,"Production, Transportation, & Material Moving Occupations",22,"Production Occupations",2021,"2021","04000US36","New York",91525,2650.0673576345184,0.39795738309987594,"New York, NY","16000US3651000","new-york-ny",64944,1746,89903,1.804166713012914,61036,6.402778687987418,2.1978098503664296
4,"Production, Transportation, & Material Moving Occupations",8,"Production, Transportation, & Material Moving Occupations",23,"Transportation Occupations",2021,"2021","04000US36","New York",192512,4221.641860698276,1.210709441187475,"New York, NY","16000US3651000","new-york-ny",70829,3807,187588,2.6249013796191654,68261,3.762031027966189,4.622832776987075
0,"Management, Business, Science, & Arts Occupations",0,"Management, Business, & Financial Occupations",0,"Management Occupations",2020,"2020","04000US36","New York",423978,5690.461492708655,0.9991446939584004,"New York, NY","16000US3651000","new-york-ny",176031,3587,415626,2.009498924513866,171265,2.782821942603568,10.494489364619755
0,"Management, Business, Science, & Arts Occupations",0,"Management, Business, & Financial Occupations",1,"Business & Financial Operations Occupations",2020,"2020","04000US36","New York",259937,4438.845457999185,1.165070429847314,"New York, NY","16000US3651000","new-york-ny",164187,3598,256066,1.511719634781658,159787,2.7536658176197064,6.434074602859501
0,"Management, Business, Science, & Arts Occupations",1,"Computer, Engineering, & Science Occupations",2,"Computer & Mathematical Occupations",2020,"2020","04000US36","New York",130991,3066.9726115503545,0.9963789741795799,"New York, NY","16000US3651000","new-york-ny",176746,3993,121903,7.455107749604194,169082,4.5327119385860115,3.2423466697821737
0,"Management, Business, Science, & Arts Occupations",1,"Computer, Engineering, & Science Occupations",3,"Architecture & Engineering Occupations",2020,"2020","04000US36","New York",43226,1789.3473670587275,0.5400272343108103,"New York, NY","16000US3651000","new-york-ny",157727,5936,41468,4.239413523680911,153114,3.012787857413431,1.0699489060164762
0,"Management, Business, Science, & Arts Occupations",1,"Computer, Engineering, & Science Occupations",4,"Life, Physical, & Social Science Occupations",2020,"2020","04000US36","New York",38480,1877.6027268834055,0.9584733534441923,"New York, NY","16000US3651000","new-york-ny",139187,8951,36554,5.268917218361876,133864,3.9764238331440867,0.952473832959654
0,"Management, Business, Science, & Arts Occupations",2,"Education, Legal, Community Service, Arts, & Media Occupations",5,"Community & Social Service Occupations",2020,"2020","04000US36","New York",85613,2780.4879068249875,1.1934331361253556,"New York, NY","16000US3651000","new-york-ny",98416,2753,84784,0.9777788261936214,93155,5.647576619612474,2.119130516142798
0,"Management, Business, Science, & Arts Occupations",2,"Education, Legal, Community Service, Arts, & Media Occupations",6,"Legal Occupations",2020,"2020","04000US36","New York",84682,2493.786879426548,1.8360759627891838,"New York, NY","16000US3651000","new-york-ny",254029,12330,83082,1.9258082376447365,246734,2.9566253536196876,2.096085995911887
0,"Management, Business, Science, & Arts Occupations",2,"Education, Legal, Community Service, Arts, & Media Occupations",7,"Education Instruction, & Library Occupations",2020,"2020","04000US36","New York",262897,4440.475875398942,1.0621058002218762,"New York, NY","16000US3651000","new-york-ny",100493,3649,260447,0.9406904283789024,99210,1.2932164096361254,6.507341820779475
0,"Management, Business, Science, & Arts Occupations",2,"Education, Legal, Community Service, Arts, & Media Occupations",8,"Arts, Design, Entertainment, Sports, & Media Occupations",2020,"2020","04000US36","New York",198118,3919.207190236311,2.4004633830846576,"New York, NY","16000US3651000","new-york-ny",121686,2875,197327,0.40085745995226196,118210,2.9405295660265627,4.903903608063948
0,"Management, Business, Science, & Arts Occupations",3,"Healthcare Practitioners & Technical Occupations",9,"Health Diagnosing & Treating Practitioners & Other Technical Occupations",2020,"2020","04000US36","New York",159882,3379.9392006366033,0.9500242054069052,"New York, NY","16000US3651000","new-york-ny",179476,3325,156306,2.2878200452957658,174964,2.5788162136210877,3.957469370094995
0,"Management, Business, Science, & Arts Occupations",3,"Healthcare Practitioners & Technical Occupations",10,"Health Technologists & Technicians",2020,"2020","04000US36","New York",60490,2244.8690384964557,0.7636608855270581,"New York, NY","16000US3651000","new-york-ny",99944,4242,61099,-0.9967429908836478,95073,5.123431468450558,1.4972750040470237
1,"Service Occupations",4,"Service Occupations",11,"Healthcare Support Occupations",2020,"2020","04000US36","New York",244098,3933.147467359951,1.845145210736639,"New York, NY","16000US3651000","new-york-ny",54817,1400,240175,1.6333923181013843,52408,4.596626469241337,6.042020729672184
1,"Service Occupations",4,"Service Occupations",14,"Food Preparation & Serving Related Occupations",2020,"2020","04000US36","New York",216884,4319.916897348837,0.9661885653186294,"New York, NY","16000US3651000","new-york-ny",47040,698,233231,-7.008931059764782,45411,3.587236572636586,5.368407868701185
1,"Service Occupations",4,"Service Occupations",15,"Building & Grounds Cleaning & Maintenance Occupations",2020,"2020","04000US36","New York",167270,3650.2302667092113,1.1257647042895433,"New York, NY","16000US3651000","new-york-ny",55646,1706,174206,-3.981493174747138,52161,6.681236939475854,4.140340385633091
1,"Service Occupations",4,"Service Occupations",16,"Personal Care & Service Occupations",2020,"2020","04000US36","New York",154362,3397.922306351339,1.3976921089782381,"New York, NY","16000US3651000","new-york-ny",51270,1775,161443,-4.386068147891206,49324,3.945341010461439,3.820835909649639
1,"Service Occupations",5,"Protective Service Occupations",12,"Fire Fighting & Prevention, & Other Protective Service Workers Including Supervisors",2020,"2020","04000US36","New York",74222,2170.2822397098494,1.5671191528377844,"New York, NY","16000US3651000","new-york-ny",65792,2947,74805,-0.7793596684713588,63886,2.98343925116614,1.8371754893433327
1,"Service Occupations",5,"Protective Service Occupations",13,"Law Enforcement Workers Including Supervisors",2020,"2020","04000US36","New York",40271,1695.1613492526308,1.0310882852815406,"New York, NY","16000US3651000","new-york-ny",137922,5393,40117,0.3838771593090211,138045,-0.08910137998478757,0.9968054502889352
2,"Sales & Office Occupations",6,"Sales & Office Occupations",17,"Sales & Related Occupations",2020,"2020","04000US36","New York",363147,5538.561004448718,0.8985378806474763,"New York, NY","16000US3651000","new-york-ny",69676,1736,380771,-4.628503746346229,67339,3.4705000074251173,8.988773779048843
2,"Sales & Office Occupations",6,"Sales & Office Occupations",18,"Office & Administrative Support Occupations",2020,"2020","04000US36","New York",433632,5654.628192905348,0.9478377325141447,"New York, NY","16000US3651000","new-york-ny",80884,1230,446406,-2.8615206784855043,78885,2.5340685808455348,10.73344940576821
3,"Natural Resources, Construction, & Maintenance Occupations",7,"Natural Resources, Construction, & Maintenance Occupations",19,"Farming, Fishing, & Forestry Occupations",2020,"2020","04000US36","New York",2524,470.46466392280723,0.09726747637511997,"New York, NY","16000US3651000","new-york-ny",53156,7914,2575,-1.9805825242718444,47457,12.008765830119899,0.0624751547398692
3,"Natural Resources, Construction, & Maintenance Occupations",7,"Natural Resources, Construction, & Maintenance Occupations",20,"Construction & Extraction Occupations",2020,"2020","04000US36","New York",166338,3764.253179582904,0.8187912470998572,"New York, NY","16000US3651000","new-york-ny",86157,3080,173980,-4.392458903322221,82445,4.502395536418218,4.117271112963693
3,"Natural Resources, Construction, & Maintenance Occupations",7,"Natural Resources, Construction, & Maintenance Occupations",21,"Installation, Maintenance, & Repair Occupations",2020,"2020","04000US36","New York",68580,2466.297630051977,0.553571862423155,"New York, NY","16000US3651000","new-york-ny",96159,10930,69647,-1.532011429063707,92240,4.248699045967042,1.6975222314026266
4,"Production, Transportation, & Material Moving Occupations",8,"Production, Transportation, & Material Moving Occupations",22,"Production Occupations",2020,"2020","04000US36","New York",89903,2431.85875412204,0.398612104517649,"New York, NY","16000US3651000","new-york-ny",61036,1661,95042,-5.407083184276425,58888,3.6476022279581577,2.2253184772497865
4,"Production, Transportation, & Material Moving Occupations",8,"Production, Transportation, & Material Moving Occupations",23,"Transportation Occupations",2020,"2020","04000US36","New York",187588,3970.5874880173583,1.2199593822211303,"New York, NY","16000US3651000","new-york-ny",68261,3989,192567,-2.5855935856091645,67130,1.6847907046030093,4.64326043080134
0,"Management, Business, Science, & Arts Occupations",0,"Management, Business, & Financial Occupations",0,"Management Occupations",2019,"2019","04000US36","New York",415626,4708.32125072196,0.9968642991044111,"New York, NY","16000US3651000","new-york-ny",171265,2708,404779,2.679733879474973,163986,4.4387935555474245,10.178890898470936
0,"Management, Business, Science, & Arts Occupations",0,"Management, Business, & Financial Occupations",1,"Business & Financial Operations Occupations",2019,"2019","04000US36","New York",256066,3920.83588026839,1.1704167694975705,"New York, NY","16000US3651000","new-york-ny",159787,3420,249779,2.5170250501443276,153726,3.942729271561089,6.271185818037991
0,"Management, Business, Science, & Arts Occupations",1,"Computer, Engineering, & Science Occupations",2,"Computer & Mathematical Occupations",2019,"2019","04000US36","New York",121903,2683.084978154811,0.954855682153924,"New York, NY","16000US3651000","new-york-ny",169082,3189,113956,6.973744252167504,164054,3.064844502419935,2.985466109426028
0,"Management, Business, Science, & Arts Occupations",1,"Computer, Engineering, & Science Occupations",3,"Architecture & Engineering Occupations",2019,"2019","04000US36","New York",41468,1513.9914134498915,0.5336844502217163,"New York, NY","16000US3651000","new-york-ny",153114,3474,39565,4.80980664728927,148213,3.30672748004561,1.0155722880132445
0,"Management, Business, Science, & Arts Occupations",1,"Computer, Engineering, & Science Occupations",4,"Life, Physical, & Social Science Occupations",2019,"2019","04000US36","New York",36554,1432.540749856701,0.9362051074129097,"New York, NY","16000US3651000","new-york-ny",133864,6690,35631,2.590440908197918,128104,4.496346718291388,0.895225943282438
0,"Management, Business, Science, & Arts Occupations",2,"Education, Legal, Community Service, Arts, & Media Occupations",5,"Community & Social Service Occupations",2019,"2019","04000US36","New York",84784,2330.1180227619375,1.1870194487842185,"New York, NY","16000US3651000","new-york-ny",93155,2714,83030,2.1124894616403713,88342,5.448144710330307,2.076403030455168
0,"Management, Business, Science, & Arts Occupations",2,"Education, Legal, Community Service, Arts, & Media Occupations",6,"Legal Occupations",2019,"2019","04000US36","New York",83082,2296.103873956925,1.8345096398649756,"New York, NY","16000US3651000","new-york-ny",246734,8562,82495,0.7115582762591672,233310,5.753718228965754,2.0347201898504
0,"Management, Business, Science, & Arts Occupations",2,"Education, Legal, Community Service, Arts, & Media Occupations",7,"Education Instruction, & Library Occupations",2019,"2019","04000US36","New York",260447,3991.168375300646,1.0526003953796748,"New York, NY","16000US3651000","new-york-ny",99210,2619,257444,1.1664672705520425,95944,3.4040690402734928,6.378478723260959
0,"Management, Business, Science, & Arts Occupations",2,"Education, Legal, Community Service, Arts, & Media Occupations",8,"Arts, Design, Entertainment, Sports, & Media Occupations",2019,"2019","04000US36","New York",197327,2994.0015030056347,2.3897584723075345,"New York, NY","16000US3651000","new-york-ny",118210,2630,193525,1.9646040563234723,112284,5.277688717893912,4.832638007060613
0,"Management, Business, Science, & Arts Occupations",3,"Healthcare Practitioners & Technical Occupations",9,"Health Diagnosing & Treating Practitioners & Other Technical Occupations",2019,"2019","04000US36","New York",156306,3334.455427802267,0.9384782571294094,"New York, NY","16000US3651000","new-york-ny",174964,4164,153267,1.9828143044490987,167105,4.70303102839532,3.8280129750698895
0,"Management, Business, Science, & Arts Occupations",3,"Healthcare Practitioners & Technical Occupations",10,"Health Technologists & Technicians",2019,"2019","04000US36","New York",61099,1788.0450218045403,0.7684411940715821,"New York, NY","16000US3651000","new-york-ny",95073,4635,59752,2.2543178471013525,90838,4.662145798014047,1.4963454042953899
1,"Service Occupations",4,"Service Occupations",11,"Healthcare Support Occupations",2019,"2019","04000US36","New York",240175,3575.966722440241,1.8005998671239665,"New York, NY","16000US3651000","new-york-ny",52408,1384,232747,3.191448224896561,51485,1.7927551714091483,5.882007192861508
1,"Service Occupations",4,"Service Occupations",14,"Food Preparation & Serving Related Occupations",2019,"2019","04000US36","New York",233231,4079.0354251955205,0.9966236419914947,"New York, NY","16000US3651000","new-york-ny",45411,676,235991,-1.1695361263777009,42381,7.149430169179586,5.711945121674955
1,"Service Occupations",4,"Service Occupations",15,"Building & Grounds Cleaning & Maintenance Occupations",2019,"2019","04000US36","New York",174206,3496.567602664075,1.1193235884420785,"New York, NY","16000US3651000","new-york-ny",52161,1012,177624,-1.924289510426519,49749,4.848338660073569,4.266393026083613
1,"Service Occupations",4,"Service Occupations",16,"Personal Care & Service Occupations",2019,"2019","04000US36","New York",161443,3605.0066574141024,1.4060429491354463,"New York, NY","16000US3651000","new-york-ny",49324,1345,160431,0.6308007803978034,46419,6.258213231650833,3.9538207025591356
1,"Service Occupations",5,"Protective Service Occupations",12,"Fire Fighting & Prevention, & Other Protective Service Workers Including Supervisors",2019,"2019","04000US36","New York",74805,2111.0047370861107,1.5614574389217195,"New York, NY","16000US3651000","new-york-ny",63886,2921,72326,3.4275364322650224,61674,3.5866005123715015,1.8320122746414282
1,"Service Occupations",5,"Protective Service Occupations",13,"Law Enforcement Workers Including Supervisors",2019,"2019","04000US36","New York",40117,1520.9944115610683,1.0251562823028189,"New York, NY","16000US3651000","new-york-ny",138045,4853,39419,1.7707197036961873,136665,1.0097684118099002,0.9824856148892478
2,"Sales & Office Occupations",6,"Sales & Office Occupations",17,"Sales & Related Occupations",2019,"2019","04000US36","New York",380771,5153.631923216869,0.9128854324987556,"New York, NY","16000US3651000","new-york-ny",67339,1883,386873,-1.5772617887523814,63536,5.985582976580207,9.325274324276336
2,"Sales & Office Occupations",6,"Sales & Office Occupations",18,"Office & Administrative Support Occupations",2019,"2019","04000US36","New York",446406,5210.4759859344895,0.9578031133886389,"New York, NY","16000US3651000","new-york-ny",78885,1036,455144,-1.9198319652681348,75948,3.867119608152947,10.932708662169393
3,"Natural Resources, Construction, & Maintenance Occupations",7,"Natural Resources, Construction, & Maintenance Occupations",19,"Farming, Fishing, & Forestry Occupations",2019,"2019","04000US36","New York",2575,393.3764100705583,0.0932550552931525,"New York, NY","16000US3651000","new-york-ny",47457,10073,2439,5.5760557605576055,39853,19.080119438938098,0.06306305203130376
3,"Natural Resources, Construction, & Maintenance Occupations",7,"Natural Resources, Construction, & Maintenance Occupations",20,"Construction & Extraction Occupations",2019,"2019","04000US36","New York",173980,3465.390598475156,0.8359988429859003,"New York, NY","16000US3651000","new-york-ny",82445,3082,173394,0.33795863755377925,78729,4.719988822416137,4.260858171808244
3,"Natural Resources, Construction, & Maintenance Occupations",7,"Natural Resources, Construction, & Maintenance Occupations",21,"Installation, Maintenance, & Repair Occupations",2019,"2019","04000US36","New York",69647,1863.000268384307,0.5531386419637898,"New York, NY","16000US3651000","new-york-ny",92240,6218,70102,-0.6490542352571966,90822,1.5612957213010064,1.705690246533675
4,"Production, Transportation, & Material Moving Occupations",8,"Production, Transportation, & Material Moving Occupations",22,"Production Occupations",2019,"2019","04000US36","New York",95042,2427.871701717371,0.40670534616206167,"New York, NY","16000US3651000","new-york-ny",58888,1443,97625,-2.6458386683738797,55335,6.42089093701997,2.327626637343368
4,"Production, Transportation, & Material Moving Occupations",8,"Production, Transportation, & Material Moving Occupations",23,"Transportation Occupations",2019,"2019","04000US36","New York",192567,3516.9317593607075,1.241889456480006,"New York, NY","16000US3651000","new-york-ny",67130,3372,191105,0.7650244629915491,65082,3.1467994222672937,4.716063200198863
0,"Management, Business, Science, & Arts Occupations",0,"Management, Business, & Financial Occupations",0,"Management Occupations",2018,"2018","04000US36","New York",404779,4649.348879144261,0.9993399797039283,"New York, NY","16000US3651000","new-york-ny",163986,3257,412181,-1.7958130044810412,158614,3.3868384884058154,9.986797893288193
0,"Management, Business, Science, & Arts Occupations",0,"Management, Business, & Financial Occupations",1,"Business & Financial Operations Occupations",2018,"2018","04000US36","New York",249779,3698.071524457038,1.1593272613571586,"New York, NY","16000US3651000","new-york-ny",153726,2812,234998,6.289840764602252,148005,3.8654099523664742,6.162603274842893
0,"Management, Business, Science, & Arts Occupations",1,"Computer, Engineering, & Science Occupations",2,"Computer & Mathematical Occupations",2018,"2018","04000US36","New York",113956,2501.182320423683,0.9267338624458465,"New York, NY","16000US3651000","new-york-ny",164054,4258,106732,6.768354382940449,159356,2.9481161675744874,2.8115478834809844
0,"Management, Business, Science, & Arts Occupations",1,"Computer, Engineering, & Science Occupations",3,"Architecture & Engineering Occupations",2018,"2018","04000US36","New York",39565,1369.4999087258093,0.5283209381807872,"New York, NY","16000US3651000","new-york-ny",148213,4358,38127,3.7716054239777588,139752,6.054296181807774,0.9761565166373437
0,"Management, Business, Science, & Arts Occupations",1,"Computer, Engineering, & Science Occupations",4,"Life, Physical, & Social Science Occupations",2018,"2018","04000US36","New York",35631,1448.7322043773308,0.9481004492010644,"New York, NY","16000US3651000","new-york-ny",128104,7360,34169,4.2787321841435215,122981,4.165684130068873,0.8790959899988675
0,"Management, Business, Science, & Arts Occupations",2,"Education, Legal, Community Service, Arts, & Media Occupations",5,"Community & Social Service Occupations",2018,"2018","04000US36","New York",83030,2247.2572171427105,1.1847679601377585,"New York, NY","16000US3651000","new-york-ny",88342,2149,85185,-2.529788108235018,85702,3.0804415299526267,2.04853470431944
0,"Management, Business, Science, & Arts Occupations",2,"Education, Legal, Community Service, Arts, & Media Occupations",6,"Legal Occupations",2018,"2018","04000US36","New York",82495,2051.7282958520605,1.8447989096732567,"New York, NY","16000US3651000","new-york-ny",233310,13162,82633,-0.16700349739208306,222620,4.801904590782499,2.0353350648299675
0,"Management, Business, Science, & Arts Occupations",2,"Education, Legal, Community Service, Arts, & Media Occupations",7,"Education Instruction, & Library Occupations",2018,"2018","04000US36","New York",257444,3793.496144719274,1.0538815371059964,"New York, NY","16000US3651000","new-york-ny",95944,2290,255794,0.6450503139244861,93041,3.120129835233929,6.351715866780849
0,"Management, Business, Science, & Arts Occupations",2,"Education, Legal, Community Service, Arts, & Media Occupations",8,"Arts, Design, Entertainment, Sports, & Media Occupations",2018,"2018","04000US36","New York",193525,3428.9359865707606,2.384668978786777,"New York, NY","16000US3651000","new-york-ny",112284,2934,194426,-0.4634153868309794,107132,4.809020647425606,4.774692022804042
0,"Management, Business, Science, & Arts Occupations",3,"Healthcare Practitioners & Technical Occupations",9,"Health Diagnosing & Treating Practitioners & Other Technical Occupations",2018,"2018","04000US36","New York",153267,2881.498394932747,0.9413779933082318,"New York, NY","16000US3651000","new-york-ny",167105,4457,153352,-0.05542803484793156,161983,3.1620602161955267,3.7814376553887468
0,"Management, Business, Science, & Arts Occupations",3,"Healthcare Practitioners & Technical Occupations",10,"Health Technologists & Technicians",2018,"2018","04000US36","New York",59752,1779.0120854002087,0.7593700900150843,"New York, NY","16000US3651000","new-york-ny",90838,4259,57834,3.316388283708545,89957,0.979356803806263,1.4742146892989905
1,"Service Occupations",4,"Service Occupations",11,"Healthcare Support Occupations",2018,"2018","04000US36","New York",232747,4393.202590366167,1.765826237962821,"New York, NY","16000US3651000","new-york-ny",51485,1312,192338,21.009368923457664,52955,-2.775941837409121,5.742385966834116
1,"Service Occupations",4,"Service Occupations",14,"Food Preparation & Serving Related Occupations",2018,"2018","04000US36","New York",235991,4036.0358026162257,1.0094560711729446,"New York, NY","16000US3651000","new-york-ny",42381,1065,239615,-1.5124261836696367,39804,6.474223696110943,5.822422659364675
1,"Service Occupations",4,"Service Occupations",15,"Building & Grounds Cleaning & Maintenance Occupations",2018,"2018","04000US36","New York",177624,3621.8285437055138,1.13110383176863,"New York, NY","16000US3651000","new-york-ny",49749,1077,182544,-2.6952405995266897,47734,4.2213097582436,4.382378999398244
1,"Service Occupations",4,"Service Occupations",16,"Personal Care & Service Occupations",2018,"2018","04000US36","New York",160431,3320.9591987857966,1.4029637102213308,"New York, NY","16000US3651000","new-york-ny",46419,1605,201928,-20.55039419991284,43881,5.7838244342654,3.958189463430954
1,"Service Occupations",5,"Protective Service Occupations",12,"Fire Fighting & Prevention, & Other Protective Service Workers Including Supervisors",2018,"2018","04000US36","New York",72326,2368.3414027542567,1.5222584210523713,"New York, NY","16000US3651000","new-york-ny",61674,3112,72583,-0.35407740104432167,58187,5.992747520923918,1.7844432256366112
1,"Service Occupations",5,"Protective Service Occupations",13,"Law Enforcement Workers Including Supervisors",2018,"2018","04000US36","New York",39419,1466.3604604598422,1.0047511925795631,"New York, NY","16000US3651000","new-york-ny",136665,5698,38571,2.198542946773483,134481,1.6240212372007943,0.9725543720290016
2,"Sales & Office Occupations",6,"Sales & Office Occupations",17,"Sales & Related Occupations",2018,"2018","04000US36","New York",386873,4908.284934679323,0.9172385409037827,"New York, NY","16000US3651000","new-york-ny",63536,1428,400438,-3.3875406429959196,59038,7.618821775805413,9.545017062076054
2,"Sales & Office Occupations",6,"Sales & Office Occupations",18,"Office & Administrative Support Occupations",2018,"2018","04000US36","New York",455144,4761.101658229953,0.9626584599939186,"New York, NY","16000US3651000","new-york-ny",75948,1314,497126,-8.444941523879258,69433,9.383146342517247,11.229414422049468
3,"Natural Resources, Construction, & Maintenance Occupations",7,"Natural Resources, Construction, & Maintenance Occupations",19,"Farming, Fishing, & Forestry Occupations",2018,"2018","04000US36","New York",2439,372.1142297736006,0.086021248340739,"New York, NY","16000US3651000","new-york-ny",39853,9171,2640,-7.613636363636364,45608,-12.618400280652518,0.06017555273798764
3,"Natural Resources, Construction, & Maintenance Occupations",7,"Natural Resources, Construction, & Maintenance Occupations",20,"Construction & Extraction Occupations",2018,"2018","04000US36","New York",173394,3474.2925898663175,0.8419110593188273,"New York, NY","16000US3651000","new-york-ny",78729,5794,171109,1.3354060861789854,77938,1.01490928686905,4.278015494649705
3,"Natural Resources, Construction, & Maintenance Occupations",7,"Natural Resources, Construction, & Maintenance Occupations",21,"Installation, Maintenance, & Repair Occupations",2018,"2018","04000US36","New York",70102,2100.0119047281614,0.5592182753167454,"New York, NY","16000US3651000","new-york-ny",90822,6454,75368,-6.987050206984397,88017,3.1868843518865675,1.7295722009177574
4,"Production, Transportation, & Material Moving Occupations",8,"Production, Transportation, & Material Moving Occupations",22,"Production Occupations",2018,"2018","04000US36","New York",97625,2380.924400311778,0.4151329944142829,"New York, NY","16000US3651000","new-york-ny",55335,1584,102830,-5.061752406885151,52496,5.408031088082901,2.4086258040369186
4,"Production, Transportation, & Material Moving Occupations",8,"Production, Transportation, & Material Moving Occupations",23,"Transportation Occupations",2018,"2018","04000US36","New York",191105,2982.840592455453,1.2623467548914828,"New York, NY","16000US3651000","new-york-ny",65082,2723,185241,3.165605886385843,63358,2.7210454875469554,4.714985242309607
0,"Management, Business, Science, & Arts Occupations",0,"Management, Business, & Financial Occupations",0,"Management Occupations",2017,"2017","04000US36","New York",412181,4577.060191869887,0.9887206858869944,"New York, NY","16000US3651000","new-york-ny",158614,2252,395781,4.143705736253129,154096,2.9319385318243176,10.120237996149614
0,"Management, Business, Science, & Arts Occupations",0,"Management, Business, & Financial Occupations",1,"Business & Financial Operations Occupations",2017,"2017","04000US36","New York",234998,3324.82089743192,1.185394101132825,"New York, NY","16000US3651000","new-york-ny",148005,3266,227931,3.1004997126323315,143957,2.8119507908611596,5.769881893195385
0,"Management, Business, Science, & Arts Occupations",1,"Computer, Engineering, & Science Occupations",2,"Computer & Mathematical Occupations",2017,"2017","04000US36","New York",106732,2356.7683382123073,0.9099166415721963,"New York, NY","16000US3651000","new-york-ny",159356,3548,101392,5.266687707116932,154016,3.4671722418450033,2.620579895252427
0,"Management, Business, Science, & Arts Occupations",1,"Computer, Engineering, & Science Occupations",3,"Architecture & Engineering Occupations",2017,"2017","04000US36","New York",38127,1462.7761277789573,0.509193302144055,"New York, NY","16000US3651000","new-york-ny",139752,4561,36638,4.0640864676019435,138191,1.1295959939504019,0.9361283370150403
0,"Management, Business, Science, & Arts Occupations",1,"Computer, Engineering, & Science Occupations",4,"Life, Physical, & Social Science Occupations",2017,"2017","04000US36","New York",34169,1583.6303230236529,0.9561208094460835,"New York, NY","16000US3651000","new-york-ny",122981,6974,33574,1.7722046821945552,116713,5.370438597242809,0.838947967253309
0,"Management, Business, Science, & Arts Occupations",2,"Education, Legal, Community Service, Arts, & Media Occupations",5,"Community & Social Service Occupations",2017,"2017","04000US36","New York",85185,2086.6300582518215,1.2246102720936398,"New York, NY","16000US3651000","new-york-ny",85702,1869,82015,3.8651466195208193,85244,0.5372812162732862,2.091538604889611
0,"Management, Business, Science, & Arts Occupations",2,"Education, Legal, Community Service, Arts, & Media Occupations",6,"Legal Occupations",2017,"2017","04000US36","New York",82633,2360.920371380619,1.7901580371486225,"New York, NY","16000US3651000","new-york-ny",222620,12484,81765,1.0615789151837582,214507,3.7821609551203457,2.028879609530355
0,"Management, Business, Science, & Arts Occupations",2,"Education, Legal, Community Service, Arts, & Media Occupations",7,"Education Instruction, & Library Occupations",2017,"2017","04000US36","New York",255794,3647.4311508238234,1.0393915884533043,"New York, NY","16000US3651000","new-york-ny",93041,1811,251864,1.5603659117619033,90613,2.6795272201560483,6.280483957259298
0,"Management, Business, Science, & Arts Occupations",2,"Education, Legal, Community Service, Arts, & Media Occupations",8,"Arts, Design, Entertainment, Sports, & Media Occupations",2017,"2017","04000US36","New York",194426,3227.223729461594,2.4145970544919253,"New York, NY","16000US3651000","new-york-ny",107132,2741,188406,3.1952273282167236,104084,2.9284039813996388,4.773721720892969
0,"Management, Business, Science, & Arts Occupations",3,"Healthcare Practitioners & Technical Occupations",9,"Health Diagnosing & Treating Practitioners & Other Technical Occupations",2017,"2017","04000US36","New York",153352,3225.483529643269,0.942853916371439,"New York, NY","16000US3651000","new-york-ny",161983,4769,147926,3.668050241336885,158751,2.0358926872901586,3.765235993860793
0,"Management, Business, Science, & Arts Occupations",3,"Healthcare Practitioners & Technical Occupations",10,"Health Technologists & Technicians",2017,"2017","04000US36","New York",57834,1622.6422896005145,0.7507440012480631,"New York, NY","16000US3651000","new-york-ny",89957,3808,53838,7.422266800401204,87888,2.3541325323138538,1.419992295300649
1,"Service Occupations",4,"Service Occupations",11,"Healthcare Support Occupations",2017,"2017","04000US36","New York",192338,3691.653559043698,1.976006178187873,"New York, NY","16000US3651000","new-york-ny",52955,1176,188540,2.014426646865387,52846,0.20625969799038715,4.722455270144486
1,"Service Occupations",4,"Service Occupations",14,"Food Preparation & Serving Related Occupations",2017,"2017","04000US36","New York",239615,4244.541906967112,1.014834985450965,"New York, NY","16000US3651000","new-york-ny",39804,804,235862,1.591184675784993,38131,4.387506228527969,5.88324262265216
1,"Service Occupations",4,"Service Occupations",15,"Building & Grounds Cleaning & Maintenance Occupations",2017,"2017","04000US36","New York",182544,3307.1226164144564,1.1481291766499409,"New York, NY","16000US3651000","new-york-ny",47734,1031,179441,1.7292591994025892,46467,2.7266662362536853,4.481984188424831
1,"Service Occupations",4,"Service Occupations",16,"Personal Care & Service Occupations",2017,"2017","04000US36","New York",201928,3554.5431492668645,1.3312368104087882,"New York, NY","16000US3651000","new-york-ny",43881,1254,196860,2.574418368383623,42360,3.590651558073654,4.95791756069906
1,"Service Occupations",5,"Protective Service Occupations",12,"Fire Fighting & Prevention, & Other Protective Service Workers Including Supervisors",2017,"2017","04000US36","New York",72583,2148.755221052412,1.5044796644476832,"New York, NY","16000US3651000","new-york-ny",58187,2012,73253,-0.9146383083286691,57522,1.1560794130941205,1.7821229859564789
1,"Service Occupations",5,"Protective Service Occupations",13,"Law Enforcement Workers Including Supervisors",2017,"2017","04000US36","New York",38571,1276.4658240626734,0.9751184742530057,"New York, NY","16000US3651000","new-york-ny",134481,4157,38057,1.3506056704417058,133849,0.47217386756718394,0.9470298236684533
2,"Sales & Office Occupations",6,"Sales & Office Occupations",17,"Sales & Related Occupations",2017,"2017","04000US36","New York",400438,4373.119824564609,0.9322544548065759,"New York, NY","16000US3651000","new-york-ny",59038,1182,402854,-0.5997209907311334,57974,1.8353054817676888,9.831913316485135
2,"Sales & Office Occupations",6,"Sales & Office Occupations",18,"Office & Administrative Support Occupations",2017,"2017","04000US36","New York",497126,4507.187704101084,0.9398788239099237,"New York, NY","16000US3651000","new-york-ny",69433,1170,492834,0.8708814732749769,68162,1.8646753322965874,12.205883905550895
3,"Natural Resources, Construction, & Maintenance Occupations",7,"Natural Resources, Construction, & Maintenance Occupations",19,"Farming, Fishing, & Forestry Occupations",2017,"2017","04000US36","New York",2640,380.52595180880894,0.09170404195783952,"New York, NY","16000US3651000","new-york-ny",45608,8402,2458,7.404393816110659,45208,0.8847991505928154,0.06481965037164494
3,"Natural Resources, Construction, & Maintenance Occupations",7,"Natural Resources, Construction, & Maintenance Occupations",20,"Construction & Extraction Occupations",2017,"2017","04000US36","New York",171109,3380.2751367307364,0.8340898122424496,"New York, NY","16000US3651000","new-york-ny",77938,8764,166407,2.825602288365273,72704,7.199053697183098,4.20122180130371
3,"Natural Resources, Construction, & Maintenance Occupations",7,"Natural Resources, Construction, & Maintenance Occupations",21,"Installation, Maintenance, & Repair Occupations",2017,"2017","04000US36","New York",75368,2228.417375627824,0.590226125336067,"New York, NY","16000US3651000","new-york-ny",88017,7726,74157,1.63302183205901,85038,3.503139772807451,1.8505028065189908
4,"Production, Transportation, & Material Moving Occupations",8,"Production, Transportation, & Material Moving Occupations",22,"Production Occupations",2017,"2017","04000US36","New York",102830,2180.4368828287597,0.429990432447515,"New York, NY","16000US3651000","new-york-ny",52496,1234,105224,-2.2751463544438533,50532,3.8866460856486977,2.5247744877713063
4,"Production, Transportation, & Material Moving Occupations",8,"Production, Transportation, & Material Moving Occupations",23,"Transportation Occupations",2017,"2017","04000US36","New York",185241,3305.2473432407446,1.237031552052924,"New York, NY","16000US3651000","new-york-ny",63358,1879,179454,3.224781838242669,61986,2.2134030264898525,4.548203353974955
0,"Management, Business, Science, & Arts Occupations",0,"Management, Business, & Financial Occupations",0,"Management Occupations",2016,"2016","04000US36","New York",395781,5132.363685476702,0.9880127123008001,"New York, NY","16000US3651000","new-york-ny",154096,2206,372295,6.30843820088908,151964,1.4029638598615461,9.915305000454703
0,"Management, Business, Science, & Arts Occupations",0,"Management, Business, & Financial Occupations",1,"Business & Financial Operations Occupations",2016,"2016","04000US36","New York",227931,3363.5684919442324,1.1840130630485073,"New York, NY","16000US3651000","new-york-ny",143957,3412,223062,2.18280119428679,142622,0.9360407230301077,5.710242240174847
0,"Management, Business, Science, & Arts Occupations",1,"Computer, Engineering, & Science Occupations",2,"Computer & Mathematical Occupations",2016,"2016","04000US36","New York",101392,2713.9198588020245,0.9101528563955003,"New York, NY","16000US3651000","new-york-ny",154016,3414,95104,6.611709286675639,152715,0.851913695445765,2.5401234637491523
0,"Management, Business, Science, & Arts Occupations",1,"Computer, Engineering, & Science Occupations",3,"Architecture & Engineering Occupations",2016,"2016","04000US36","New York",36638,1469.1579220764527,0.5017166828429049,"New York, NY","16000US3651000","new-york-ny",138191,5960,36067,1.5831646657609448,134431,2.79697391226726,0.9178736336677592
0,"Management, Business, Science, & Arts Occupations",1,"Computer, Engineering, & Science Occupations",4,"Life, Physical, & Social Science Occupations",2016,"2016","04000US36","New York",33574,1360.5484188370513,0.960721712410057,"New York, NY","16000US3651000","new-york-ny",116713,7275,33286,0.8652286246469987,114377,2.042368658034395,0.8411127620711105
0,"Management, Business, Science, & Arts Occupations",2,"Education, Legal, Community Service, Arts, & Media Occupations",5,"Community & Social Service Occupations",2016,"2016","04000US36","New York",82015,2198.941563570983,1.2165422049459946,"New York, NY","16000US3651000","new-york-ny",85244,1911,79260,3.47590209437295,84501,0.87927953515343,2.054681097910947
0,"Management, Business, Science, & Arts Occupations",2,"Education, Legal, Community Service, Arts, & Media Occupations",6,"Legal Occupations",2016,"2016","04000US36","New York",81765,2066.1897299134944,1.7913508495795507,"New York, NY","16000US3651000","new-york-ny",214507,10615,81165,0.7392348918868971,208263,2.9981321694203964,2.0484179719647453
0,"Management, Business, Science, & Arts Occupations",2,"Education, Legal, Community Service, Arts, & Media Occupations",7,"Education Instruction, & Library Occupations",2016,"2016","04000US36","New York",251864,3397.499374540045,1.042359163306804,"New York, NY","16000US3651000","new-york-ny",90613,1409,247979,1.5666649192068682,89991,0.6911802291340245,6.3098238132566316
0,"Management, Business, Science, & Arts Occupations",2,"Education, Legal, Community Service, Arts, & Media Occupations",8,"Arts, Design, Entertainment, Sports, & Media Occupations",2016,"2016","04000US36","New York",188406,3129.9317883941176,2.414867816320465,"New York, NY","16000US3651000","new-york-ny",104084,1824,185562,1.5326413813172954,104009,0.0721091444009653,4.720042028080349
0,"Management, Business, Science, & Arts Occupations",3,"Healthcare Practitioners & Technical Occupations",9,"Health Diagnosing & Treating Practitioners & Other Technical Occupations",2016,"2016","04000US36","New York",147926,2944.0715004904346,0.9381588309126024,"New York, NY","16000US3651000","new-york-ny",158751,3832,142799,3.5903612770397553,157277,0.9371999720238814,3.7059166748713617
0,"Management, Business, Science, & Arts Occupations",3,"Healthcare Practitioners & Technical Occupations",10,"Health Technologists & Technicians",2016,"2016","04000US36","New York",53838,1652.9888081895774,0.7294911848736776,"New York, NY","16000US3651000","new-york-ny",87888,2937,52718,2.1245115520315645,88458,-0.6443736010309978,1.3487766987664398
1,"Service Occupations",4,"Service Occupations",11,"Healthcare Support Occupations",2016,"2016","04000US36","New York",188540,2955.4008188399757,1.933873947265279,"New York, NY","16000US3651000","new-york-ny",52846,1221,186548,1.067821686643652,53092,-0.4633466435621186,4.723399063587514
1,"Service Occupations",4,"Service Occupations",14,"Food Preparation & Serving Related Occupations",2016,"2016","04000US36","New York",235862,4464.238344891544,1.0178625725566843,"New York, NY","16000US3651000","new-york-ny",38131,705,234513,0.5752346351801393,37988,0.376434663577972,5.908933647692151
1,"Service Occupations",4,"Service Occupations",15,"Building & Grounds Cleaning & Maintenance Occupations",2016,"2016","04000US36","New York",179441,3374.7333227975214,1.1390598218953807,"New York, NY","16000US3651000","new-york-ny",46467,1406,180868,-0.7889731738063118,45412,2.323174491323879,4.495446331649554
1,"Service Occupations",4,"Service Occupations",16,"Personal Care & Service Occupations",2016,"2016","04000US36","New York",196860,3275.4640892551397,1.3280670222872946,"New York, NY","16000US3651000","new-york-ny",42360,1112,193549,1.7106779161865988,41913,1.066494882256102,4.931835895077108
1,"Service Occupations",5,"Protective Service Occupations",12,"Fire Fighting & Prevention, & Other Protective Service Workers Including Supervisors",2016,"2016","04000US36","New York",73253,2081.7840906299575,1.528027192479792,"New York, NY","16000US3651000","new-york-ny",57522,1449,73729,-0.6456075628314504,56908,1.078934420468124,1.835171059748468
1,"Service Occupations",5,"Protective Service Occupations",13,"Law Enforcement Workers Including Supervisors",2016,"2016","04000US36","New York",38057,1349.9881480961233,0.9773198860441003,"New York, NY","16000US3651000","new-york-ny",133849,4164,37083,2.626540463285063,136992,-2.294294557346414,0.9534231365384003
2,"Sales & Office Occupations",6,"Sales & Office Occupations",17,"Sales & Related Occupations",2016,"2016","04000US36","New York",402854,5338.793309353717,0.9445528412058845,"New York, NY","16000US3651000","new-york-ny",57974,1358,402950,-0.023824295818339745,57019,1.674880303056876,10.092501359724643
2,"Sales & Office Occupations",6,"Sales & Office Occupations",18,"Office & Administrative Support Occupations",2016,"2016","04000US36","New York",492834,5224.687646166037,0.9385906756157918,"New York, NY","16000US3651000","new-york-ny",68162,1279,493295,-0.09345320751274593,67545,0.9134650973425125,12.346725650281577
3,"Natural Resources, Construction, & Maintenance Occupations",7,"Natural Resources, Construction, & Maintenance Occupations",19,"Farming, Fishing, & Forestry Occupations",2016,"2016","04000US36","New York",2458,457.35106865514155,0.08620735940058474,"New York, NY","16000US3651000","new-york-ny",45208,8377,2803,-12.308241170174812,42444,6.512110074451042,0.06157905430305562
3,"Natural Resources, Construction, & Maintenance Occupations",7,"Natural Resources, Construction, & Maintenance Occupations",20,"Construction & Extraction Occupations",2016,"2016","04000US36","New York",166407,2919.8022193292477,0.8332993491674748,"New York, NY","16000US3651000","new-york-ny",72704,6958,164691,1.0419512905987578,72485,0.30213147547768504,4.16891199731838
3,"Natural Resources, Construction, & Maintenance Occupations",7,"Natural Resources, Construction, & Maintenance Occupations",21,"Installation, Maintenance, & Repair Occupations",2016,"2016","04000US36","New York",74157,2288.3157561840103,0.5837680671370586,"New York, NY","16000US3651000","new-york-ny",85038,6628,73987,0.22977009474637436,82956,2.509764212353537,1.8578185231699333
4,"Production, Transportation, & Material Moving Occupations",8,"Production, Transportation, & Material Moving Occupations",22,"Production Occupations",2016,"2016","04000US36","New York",105224,2050.7376721560468,0.4448367516989331,"New York, NY","16000US3651000","new-york-ny",50532,1195,108711,-3.2075870887030753,48728,3.7021835494992614,2.6361246582525326
4,"Production, Transportation, & Material Moving Occupations",8,"Production, Transportation, & Material Moving Occupations",23,"Transportation Occupations",2016,"2016","04000US36","New York",179454,3103.359792225194,1.2338130825069937,"New York, NY","16000US3651000","new-york-ny",61986,1255,172868,3.8098433486822314,61617,0.5988607040264862,4.4957720141987565
0,"Management, Business, Science, & Arts Occupations",0,"Management, Business, & Financial Occupations",0,"Management Occupations",2015,"2015","04000US36","New York",372295,4412.088054425025,0.9587651546186823,"New York, NY","16000US3651000","new-york-ny",151964,1573,351978,5.772235764735296,151113,0.5631547252718164,9.473514390240242
0,"Management, Business, Science, & Arts Occupations",0,"Management, Business, & Financial Occupations",1,"Business & Financial Operations Occupations",2015,"2015","04000US36","New York",223062,3777.8184180820544,1.18258436568348,"New York, NY","16000US3651000","new-york-ny",142622,3497,218234,2.212304223906449,141665,0.6755373592630501,5.67609306307033
0,"Management, Business, Science, & Arts Occupations",1,"Computer, Engineering, & Science Occupations",2,"Computer & Mathematical Occupations",2015,"2015","04000US36","New York",95104,2478.2292065101647,0.8927833554957422,"New York, NY","16000US3651000","new-york-ny",152715,3547,89316,6.480361861256662,151939,0.5107312803164428,2.4200408616000963
0,"Management, Business, Science, & Arts Occupations",1,"Computer, Engineering, & Science Occupations",3,"Architecture & Engineering Occupations",2015,"2015","04000US36","New York",36067,1488.7461167035835,0.5027072650242195,"New York, NY","16000US3651000","new-york-ny",134431,3806,34801,3.637826499238528,132419,1.5194194186634848,0.917770164823043
0,"Management, Business, Science, & Arts Occupations",1,"Computer, Engineering, & Science Occupations",4,"Life, Physical, & Social Science Occupations",2015,"2015","04000US36","New York",33286,1372.5745881371984,0.9647035865033561,"New York, NY","16000US3651000","new-york-ny",114377,5814,32092,3.720553408949271,115805,-1.2331073787832996,0.847004123057083
0,"Management, Business, Science, & Arts Occupations",2,"Education, Legal, Community Service, Arts, & Media Occupations",5,"Community & Social Service Occupations",2015,"2015","04000US36","New York",79260,2099.114575243572,1.202007809599921,"New York, NY","16000US3651000","new-york-ny",84501,1630,78470,1.0067541735695171,86250,-2.0278260869565217,2.016870359715928
0,"Management, Business, Science, & Arts Occupations",2,"Education, Legal, Community Service, Arts, & Media Occupations",6,"Legal Occupations",2015,"2015","04000US36","New York",81165,2165.027713448491,1.79152263945312,"New York, NY","16000US3651000","new-york-ny",208263,9654,79748,1.7768470682650348,211531,-1.5449272210692522,2.0653454800194715
0,"Management, Business, Science, & Arts Occupations",2,"Education, Legal, Community Service, Arts, & Media Occupations",7,"Education Instruction, & Library Occupations",2015,"2015","04000US36","New York",247979,3656.0701579701663,1.0382050215887466,"New York, NY","16000US3651000","new-york-ny",89991,2394,240543,3.0913391784421083,89909,0.09120332780922934,6.310137458137725
0,"Management, Business, Science, & Arts Occupations",2,"Education, Legal, Community Service, Arts, & Media Occupations",8,"Arts, Design, Entertainment, Sports, & Media Occupations",2015,"2015","04000US36","New York",185562,3732.8730222176055,2.449035834896838,"New York, NY","16000US3651000","new-york-ny",104009,2017,180569,2.765147948983491,103159,0.8239707635785534,4.721858411425776
0,"Management, Business, Science, & Arts Occupations",3,"Healthcare Practitioners & Technical Occupations",9,"Health Diagnosing & Treating Practitioners & Other Technical Occupations",2015,"2015","04000US36","New York",142799,2984.107571787585,0.9284518895374456,"New York, NY","16000US3651000","new-york-ny",157277,3638,139727,2.1985729315021434,156142,0.7269024349630465,3.6337001072050823
0,"Management, Business, Science, & Arts Occupations",3,"Healthcare Practitioners & Technical Occupations",10,"Health Technologists & Technicians",2015,"2015","04000US36","New York",52718,1756.40769754633,0.7386441716976387,"New York, NY","16000US3651000","new-york-ny",88458,3872,49499,6.503161680033941,90798,-2.57714927641578,1.3414757964106019
1,"Service Occupations",4,"Service Occupations",11,"Healthcare Support Occupations",2015,"2015","04000US36","New York",186548,2978.1532868541203,1.911016603912566,"New York, NY","16000US3651000","new-york-ny",53092,1677,184948,0.8651080303652919,53770,-1.260926167007625,4.746948421199685
1,"Service Occupations",4,"Service Occupations",14,"Food Preparation & Serving Related Occupations",2015,"2015","04000US36","New York",234513,4234.170520893083,1.030266785933534,"New York, NY","16000US3651000","new-york-ny",37988,587,225253,4.11093303973754,38173,-0.4846357373012339,5.967478156296511
1,"Service Occupations",4,"Service Occupations",15,"Building & Grounds Cleaning & Maintenance Occupations",2015,"2015","04000US36","New York",180868,3223.2756630483836,1.156993806343216,"New York, NY","16000US3651000","new-york-ny",45412,1229,180335,0.2955610391770871,46417,-2.1651550078634982,4.602413679297255
1,"Service Occupations",4,"Service Occupations",16,"Personal Care & Service Occupations",2015,"2015","04000US36","New York",193549,3441.3597603273047,1.3369130635172877,"New York, NY","16000US3651000","new-york-ny",41913,1082,188654,2.5946971704814104,42306,-0.9289462487590413,4.925097669097378
1,"Service Occupations",5,"Protective Service Occupations",12,"Fire Fighting & Prevention, & Other Protective Service Workers Including Supervisors",2015,"2015","04000US36","New York",73729,2218.634264587113,1.5342540799874202,"New York, NY","16000US3651000","new-york-ny",56908,1635,73329,0.5454867787641997,57472,-0.9813474387527839,1.8761271101627008
1,"Service Occupations",5,"Protective Service Occupations",13,"Law Enforcement Workers Including Supervisors",2015,"2015","04000US36","New York",37083,1369.6923012122102,0.9581480525068926,"New York, NY","16000US3651000","new-york-ny",136992,4272,36215,2.3967969073588296,138944,-1.4048825426070934,0.9436235623182659
2,"Sales & Office Occupations",6,"Sales & Office Occupations",17,"Sales & Related Occupations",2015,"2015","04000US36","New York",402950,5133.240009974207,0.9517610149557141,"New York, NY","16000US3651000","new-york-ny",57019,1189,399994,0.7390110851662776,57169,-0.26237996116776574,10.253569410137942
2,"Sales & Office Occupations",6,"Sales & Office Occupations",18,"Office & Administrative Support Occupations",2015,"2015","04000US36","New York",493295,5084.194528143077,0.9431920591399224,"New York, NY","16000US3651000","new-york-ny",67545,880,491126,0.4416381946791659,68422,-1.2817514834409987,12.55251153288
3,"Natural Resources, Construction, & Maintenance Occupations",7,"Natural Resources, Construction, & Maintenance Occupations",19,"Farming, Fishing, & Forestry Occupations",2015,"2015","04000US36","New York",2803,480.5049427425279,0.09796140186634318,"New York, NY","16000US3651000","new-york-ny",42444,9496,2535,10.571992110453648,40091,5.869147689007508,0.07132585942825821
3,"Natural Resources, Construction, & Maintenance Occupations",7,"Natural Resources, Construction, & Maintenance Occupations",20,"Construction & Extraction Occupations",2015,"2015","04000US36","New York",164691,3157.0064934998154,0.8385971783605917,"New York, NY","16000US3651000","new-york-ny",72485,8160,163164,0.9358682062219608,69630,4.100244147637513,4.1907695737064845
3,"Natural Resources, Construction, & Maintenance Occupations",7,"Natural Resources, Construction, & Maintenance Occupations",21,"Installation, Maintenance, & Repair Occupations",2015,"2015","04000US36","New York",73987,1972.507287692494,0.5845909289517593,"New York, NY","16000US3651000","new-york-ny",82956,3023,72156,2.537557514274627,82715,0.29136190533760503,1.8826922445660155
4,"Production, Transportation, & Material Moving Occupations",8,"Production, Transportation, & Material Moving Occupations",22,"Production Occupations",2015,"2015","04000US36","New York",108711,2245.932545736848,0.46372502591273507,"New York, NY","16000US3651000","new-york-ny",48728,1073,110504,-1.6225656989792225,48825,-0.19866871479774706,2.7662880857314947
4,"Production, Transportation, & Material Moving Occupations",8,"Production, Transportation, & Material Moving Occupations",23,"Transportation Occupations",2015,"2015","04000US36","New York",172868,2911.8258876519385,1.2215815884941101,"New York, NY","16000US3651000","new-york-ny",61617,1549,166614,3.753586133218097,61252,0.5958989094233658,4.398843620279751
0,"Management, Business, Science, & Arts Occupations",0,"Management, Business, & Financial Occupations",0,"Management Occupations",2014,"2014","04000US36","New York",351978,4720.730875616614,0.9375455767395562,"New York, NY","16000US3651000","new-york-ny",151113,2378,338579,3.9574220492115577,148536,1.7349329455485538,9.148832476226493
0,"Management, Business, Science, & Arts Occupations",0,"Management, Business, & Financial Occupations",1,"Business & Financial Operations Occupations",2014,"2014","04000US36","New York",218234,3720.4087141065565,1.1872596709327905,"New York, NY","16000US3651000","new-york-ny",141665,3280,214580,1.70286140367229,139344,1.6656619588930992,5.672474718922241
0,"Management, Business, Science, & Arts Occupations",1,"Computer, Engineering, & Science Occupations",2,"Computer & Mathematical Occupations",2014,"2014","04000US36","New York",89316,2251.820818804196,0.8810714761833653,"New York, NY","16000US3651000","new-york-ny",151939,4439,87017,2.6420124803199374,148461,2.3427027973676586,2.321557374172947
0,"Management, Business, Science, & Arts Occupations",1,"Computer, Engineering, & Science Occupations",3,"Architecture & Engineering Occupations",2014,"2014","04000US36","New York",34801,1459.4975162705828,0.49519551927539407,"New York, NY","16000US3651000","new-york-ny",132419,4432,34431,1.0746129941041505,131725,0.5268551907382805,0.9045693736686902
0,"Management, Business, Science, & Arts Occupations",1,"Computer, Engineering, & Science Occupations",4,"Life, Physical, & Social Science Occupations",2014,"2014","04000US36","New York",32092,1296.259619057849,0.9488803669961882,"New York, NY","16000US3651000","new-york-ny",115805,4901,31218,2.799666858863476,117749,-1.6509694349845858,0.8341553501271689
0,"Management, Business, Science, & Arts Occupations",2,"Education, Legal, Community Service, Arts, & Media Occupations",5,"Community & Social Service Occupations",2014,"2014","04000US36","New York",78470,2197.1203881444458,1.219349417352065,"New York, NY","16000US3651000","new-york-ny",86250,1923,77588,1.1367737278960666,86190,0.06961364427427777,2.0396413537479416
0,"Management, Business, Science, & Arts Occupations",2,"Education, Legal, Community Service, Arts, & Media Occupations",6,"Legal Occupations",2014,"2014","04000US36","New York",79748,2436.667601459009,1.7812663824351027,"New York, NY","16000US3651000","new-york-ny",211531,10019,79786,-0.047627403303837766,207624,1.8817670404192195,2.0728599296379615
0,"Management, Business, Science, & Arts Occupations",2,"Education, Legal, Community Service, Arts, & Media Occupations",7,"Education Instruction, & Library Occupations",2014,"2014","04000US36","New York",240543,3760.767076009893,1.0205657641682033,"New York, NY","16000US3651000","new-york-ny",89909,2146,237689,1.2007286832794113,90303,-0.43630887124458767,6.252344209947639
0,"Management, Business, Science, & Arts Occupations",2,"Education, Legal, Community Service, Arts, & Media Occupations",8,"Arts, Design, Entertainment, Sports, & Media Occupations",2014,"2014","04000US36","New York",180569,3609.783650026688,2.4551924677707673,"New York, NY","16000US3651000","new-york-ny",103159,1666,174902,3.240100170381128,102301,0.838701478968925,4.693462464698765
0,"Management, Business, Science, & Arts Occupations",3,"Healthcare Practitioners & Technical Occupations",9,"Health Diagnosing & Treating Practitioners & Other Technical Occupations",2014,"2014","04000US36","New York",139727,3037.321517389952,0.9356412004295459,"New York, NY","16000US3651000","new-york-ny",156142,2842,136967,2.015083925325078,153644,1.625836348962537,3.631871638016295
0,"Management, Business, Science, & Arts Occupations",3,"Healthcare Practitioners & Technical Occupations",10,"Health Technologists & Technicians",2014,"2014","04000US36","New York",49499,1724.8982578691414,0.7212189028166612,"New York, NY","16000US3651000","new-york-ny",90798,2940,47825,3.5002613695765814,89903,0.9955173909658187,1.2866089890298122
1,"Service Occupations",4,"Service Occupations",11,"Healthcare Support Occupations",2014,"2014","04000US36","New York",184948,3023.5482466797184,1.9152400765733746,"New York, NY","16000US3651000","new-york-ny",53770,1655,181776,1.7450048411231407,54141,-0.6852477789475628,4.807284173479983
1,"Service Occupations",4,"Service Occupations",14,"Food Preparation & Serving Related Occupations",2014,"2014","04000US36","New York",225253,3877.408670749061,1.016204156219331,"New York, NY","16000US3651000","new-york-ny",38173,657,216610,3.9901204930520286,38918,-1.9142813094198057,5.854916960058432
1,"Service Occupations",4,"Service Occupations",15,"Building & Grounds Cleaning & Maintenance Occupations",2014,"2014","04000US36","New York",180335,3276.8680168722085,1.169747994190128,"New York, NY","16000US3651000","new-york-ny",46417,1201,176918,1.9314032489627961,47207,-1.673480627872985,4.687380190240028
1,"Service Occupations",4,"Service Occupations",16,"Personal Care & Service Occupations",2014,"2014","04000US36","New York",188654,3446.3342844245394,1.341917930030921,"New York, NY","16000US3651000","new-york-ny",42306,1007,183825,2.626954984360125,42906,-1.3984058173682001,4.903612845035863
1,"Service Occupations",5,"Protective Service Occupations",12,"Fire Fighting & Prevention, & Other Protective Service Workers Including Supervisors",2014,"2014","04000US36","New York",73329,1876.8305730672655,1.5452279588991753,"New York, NY","16000US3651000","new-york-ny",57472,1744,73183,0.19949988385280734,56739,1.2918803644759338,1.9060132640369927
1,"Service Occupations",5,"Protective Service Occupations",13,"Law Enforcement Workers Including Supervisors",2014,"2014","04000US36","New York",36215,1387.8616645761203,0.9437530269987203,"New York, NY","16000US3651000","new-york-ny",138944,4500,37383,-3.124414840970495,137033,1.3945545963381083,0.9413229466800269
2,"Sales & Office Occupations",6,"Sales & Office Occupations",17,"Sales & Related Occupations",2014,"2014","04000US36","New York",399994,5300.547896208465,0.9571841078146,"New York, NY","16000US3651000","new-york-ny",57169,1306,397983,0.5052979649884543,57314,-0.252992288097149,10.39689440105842
2,"Sales & Office Occupations",6,"Sales & Office Occupations",18,"Office & Administrative Support Occupations",2014,"2014","04000US36","New York",491126,4857.017397539358,0.9460192706018747,"New York, NY","16000US3651000","new-york-ny",68422,946,494414,-0.6650297119418139,68132,0.4256443374625727,12.765654383851302
3,"Natural Resources, Construction, & Maintenance Occupations",7,"Natural Resources, Construction, & Maintenance Occupations",19,"Farming, Fishing, & Forestry Occupations",2014,"2014","04000US36","New York",2535,500.9830336448531,0.08994861571954231,"New York, NY","16000US3651000","new-york-ny",40091,9084,2953,-14.155096512021673,44582,-10.073572293750841,0.06589130663630728
3,"Natural Resources, Construction, & Maintenance Occupations",7,"Natural Resources, Construction, & Maintenance Occupations",20,"Construction & Extraction Occupations",2014,"2014","04000US36","New York",163164,3078.919290920111,0.8484957114051598,"New York, NY","16000US3651000","new-york-ny",69630,4229,160300,1.786650031191516,72518,-3.9824595272897763,4.241060811047906
3,"Natural Resources, Construction, & Maintenance Occupations",7,"Natural Resources, Construction, & Maintenance Occupations",21,"Installation, Maintenance, & Repair Occupations",2014,"2014","04000US36","New York",72156,2206.494504865127,0.5778034387808814,"New York, NY","16000US3651000","new-york-ny",82715,4036,72815,-0.9050333035775595,84064,-1.6047297297297296,1.8755239138656363
4,"Production, Transportation, & Material Moving Occupations",8,"Production, Transportation, & Material Moving Occupations",22,"Production Occupations",2014,"2014","04000US36","New York",110504,2442.637918316999,0.48233207259435046,"New York, NY","16000US3651000","new-york-ny",48825,1392,112549,-1.8169863792659195,48743,0.16822928420491148,2.872289131573373
4,"Production, Transportation, & Material Moving Occupations",8,"Production, Transportation, & Material Moving Occupations",23,"Transportation Occupations",2014,"2014","04000US36","New York",166614,2871.387991895209,1.2146690212119085,"New York, NY","16000US3651000","new-york-ny",61252,2127,162310,2.651715852381246,60613,1.0542292907462094,4.330735370375424
0,"Management, Business, Science, & Arts Occupations",0,"Management, Business, & Financial Occupations",0,"Management Occupations",2013,"2013","04000US36","New York",338579,4588.747650503348,0.9205701719251953,"New York, NY","16000US3651000","new-york-ny",148536,2462,,NaN,,NaN,8.93390715126312
0,"Management, Business, Science, & Arts Occupations",0,"Management, Business, & Financial Occupations",1,"Business & Financial Operations Occupations",2013,"2013","04000US36","New York",214580,3038.8295444134405,1.1917342626595542,"New York, NY","16000US3651000","new-york-ny",139344,2199,,NaN,,NaN,5.662010332944573
0,"Management, Business, Science, & Arts Occupations",1,"Computer, Engineering, & Science Occupations",2,"Computer & Mathematical Occupations",2013,"2013","04000US36","New York",87017,1972.3306010910037,0.892624120899946,"New York, NY","16000US3651000","new-york-ny",148461,3359,,NaN,,NaN,2.2960721089655975
0,"Management, Business, Science, & Arts Occupations",1,"Computer, Engineering, & Science Occupations",3,"Architecture & Engineering Occupations",2013,"2013","04000US36","New York",34431,1700.15911020116,0.49453095512729406,"New York, NY","16000US3651000","new-york-ny",131725,3994,,NaN,,NaN,0.9085128053575104
0,"Management, Business, Science, & Arts Occupations",1,"Computer, Engineering, & Science Occupations",4,"Life, Physical, & Social Science Occupations",2013,"2013","04000US36","New York",31218,1324.0638202141163,0.9391018399180021,"New York, NY","16000US3651000","new-york-ny",117749,5562,,NaN,,NaN,0.8237330532848525
0,"Management, Business, Science, & Arts Occupations",2,"Education, Legal, Community Service, Arts, & Media Occupations",5,"Community & Social Service Occupations",2013,"2013","04000US36","New York",77588,2012.6942142312625,1.2306163020915701,"New York, NY","16000US3651000","new-york-ny",86190,2100,,NaN,,NaN,2.0472740130138107
0,"Management, Business, Science, & Arts Occupations",2,"Education, Legal, Community Service, Arts, & Media Occupations",6,"Legal Occupations",2013,"2013","04000US36","New York",79786,2249.381470538068,1.7936704151814353,"New York, NY","16000US3651000","new-york-ny",207624,13309,,NaN,,NaN,2.1052714904665657
0,"Management, Business, Science, & Arts Occupations",2,"Education, Legal, Community Service, Arts, & Media Occupations",7,"Education Instruction, & Library Occupations",2013,"2013","04000US36","New York",237689,3455.997251156314,1.020925039427935,"New York, NY","16000US3651000","new-york-ny",90303,2122,,NaN,,NaN,6.271775440522241
0,"Management, Business, Science, & Arts Occupations",2,"Education, Legal, Community Service, Arts, & Media Occupations",8,"Arts, Design, Entertainment, Sports, & Media Occupations",2013,"2013","04000US36","New York",174902,3704.0847722480653,2.4406852012176,"New York, NY","16000US3651000","new-york-ny",102301,1812,,NaN,,NaN,4.615047680364767
0,"Management, Business, Science, & Arts Occupations",3,"Healthcare Practitioners & Technical Occupations",9,"Health Diagnosing & Treating Practitioners & Other Technical Occupations",2013,"2013","04000US36","New York",136967,2615.816889615938,0.9428504096936754,"New York, NY","16000US3651000","new-york-ny",153644,2567,,NaN,,NaN,3.6140766579943113
0,"Management, Business, Science, & Arts Occupations",3,"Healthcare Practitioners & Technical Occupations",10,"Health Technologists & Technicians",2013,"2013","04000US36","New York",47825,1454.411564860511,0.7238662708571454,"New York, NY","16000US3651000","new-york-ny",89903,2300,,NaN,,NaN,1.2619332844303952
1,"Service Occupations",4,"Service Occupations",11,"Healthcare Support Occupations",2013,"2013","04000US36","New York",181776,3000.344146927149,1.9015272751493986,"New York, NY","16000US3651000","new-york-ny",54141,1265,,NaN,,NaN,4.796428326411281
1,"Service Occupations",4,"Service Occupations",14,"Food Preparation & Serving Related Occupations",2013,"2013","04000US36","New York",216610,4028.947381140637,1.0041851027010629,"New York, NY","16000US3651000","new-york-ny",38918,1036,,NaN,,NaN,5.715574882184378
1,"Service Occupations",4,"Service Occupations",15,"Building & Grounds Cleaning & Maintenance Occupations",2013,"2013","04000US36","New York",176918,2729.4354727672167,1.167112715460991,"New York, NY","16000US3651000","new-york-ny",47207,1238,,NaN,,NaN,4.6682428189201595
1,"Service Occupations",4,"Service Occupations",16,"Personal Care & Service Occupations",2013,"2013","04000US36","New York",183825,3630.9681904417725,1.3395787851279197,"New York, NY","16000US3651000","new-york-ny",42906,1043,,NaN,,NaN,4.850494218722789
1,"Service Occupations",5,"Protective Service Occupations",12,"Fire Fighting & Prevention, & Other Protective Service Workers Including Supervisors",2013,"2013","04000US36","New York",73183,2076.422163241377,1.5636098148434552,"New York, NY","16000US3651000","new-york-ny",56739,1506,,NaN,,NaN,1.9310415798111782
1,"Service Occupations",5,"Protective Service Occupations",13,"Law Enforcement Workers Including Supervisors",2013,"2013","04000US36","New York",37383,1445.0480960853863,0.9793099424245295,"New York, NY","16000US3651000","new-york-ny",137033,3101,,NaN,,NaN,0.9864056868136217
2,"Sales & Office Occupations",6,"Sales & Office Occupations",17,"Sales & Related Occupations",2013,"2013","04000US36","New York",397983,4447.167637946652,0.9597297378604052,"New York, NY","16000US3651000","new-york-ny",57314,1464,,NaN,,NaN,10.501369458180072
2,"Sales & Office Occupations",6,"Sales & Office Occupations",18,"Office & Administrative Support Occupations",2013,"2013","04000US36","New York",494414,5094.587912677531,0.952290011101426,"New York, NY","16000US3651000","new-york-ny",68132,960,,NaN,,NaN,13.045843865935586
3,"Natural Resources, Construction, & Maintenance Occupations",7,"Natural Resources, Construction, & Maintenance Occupations",19,"Farming, Fishing, & Forestry Occupations",2013,"2013","04000US36","New York",2953,685.598278877653,0.10722860675342392,"New York, NY","16000US3651000","new-york-ny",44582,10449,,NaN,,NaN,0.0779192679335694
3,"Natural Resources, Construction, & Maintenance Occupations",7,"Natural Resources, Construction, & Maintenance Occupations",20,"Construction & Extraction Occupations",2013,"2013","04000US36","New York",160300,3357.365782872042,0.8371936678063843,"New York, NY","16000US3651000","new-york-ny",72518,3432,,NaN,,NaN,4.229752336522579
3,"Natural Resources, Construction, & Maintenance Occupations",7,"Natural Resources, Construction, & Maintenance Occupations",21,"Installation, Maintenance, & Repair Occupations",2013,"2013","04000US36","New York",72815,1902.4878449020378,0.5842844194460267,"New York, NY","16000US3651000","new-york-ny",84064,8170,,NaN,,NaN,1.9213313561066223
4,"Production, Transportation, & Material Moving Occupations",8,"Production, Transportation, & Material Moving Occupations",22,"Production Occupations",2013,"2013","04000US36","New York",112549,2379.5001575961287,0.4991308340980326,"New York, NY","16000US3651000","new-york-ny",48743,1523,,NaN,,NaN,2.969771651424078
4,"Production, Transportation, & Material Moving Occupations",8,"Production, Transportation, & Material Moving Occupations",23,"Transportation Occupations",2013,"2013","04000US36","New York",162310,3167.410614366252,1.2059737818839613,"New York, NY","16000US3651000","new-york-ny",60613,2096,,NaN,,NaN,4.282789156213224